[
  {
    "timestamp": "2025-01-05T07:47:00.107Z",
    "username": "zxromdhoni",
    "success": false,
    "errorMessage": "Error: read ECONNRESET",
    "messageStatus": "Gagal"
  },
  {
    "timestamp": "2025-01-05T07:47:03.192Z",
    "username": "6310.angga",
    "success": false,
    "errorMessage": "Error: read ECONNRESET",
    "messageStatus": "Gagal"
  },
  {
    "timestamp": "2025-01-05T07:47:05.372Z",
    "username": "fara_bouquett",
    "success": false,
    "errorMessage": "Error: read ECONNRESET",
    "messageStatus": "Gagal"
  },
  {
    "timestamp": "2025-01-05T07:47:06.179Z",
    "username": "kumahakedah",
    "success": false,
    "errorMessage": "Error: read ECONNRESET",
    "messageStatus": "Gagal"
  },
  {
    "timestamp": "2025-01-05T07:47:06.944Z",
    "username": "egii__18",
    "success": false,
    "errorMessage": "Error: read ECONNRESET",
    "messageStatus": "Gagal"
  },
  {
    "timestamp": "2025-01-05T07:47:07.717Z",
    "username": "_giksptra_18",
    "success": false,
    "errorMessage": "Error: read ECONNRESET",
    "messageStatus": "Gagal"
  },
  {
    "timestamp": "2025-01-05T07:47:08.414Z",
    "username": "_chnzaa",
    "success": false,
    "errorMessage": "Error: read ECONNRESET",
    "messageStatus": "Gagal"
  },
  {
    "timestamp": "2025-01-05T07:47:09.284Z",
    "username": "indri_869",
    "success": false,
    "errorMessage": "Error: read ECONNRESET",
    "messageStatus": "Gagal"
  },
  {
    "timestamp": "2025-01-05T07:47:10.227Z",
    "username": "fyy_alfy",
    "success": false,
    "errorMessage": "Error: read ECONNRESET",
    "messageStatus": "Gagal"
  },
  {
    "timestamp": "2025-01-05T07:47:10.979Z",
    "username": "ilyas_1099",
    "success": false,
    "errorMessage": "Error: read ECONNRESET",
    "messageStatus": "Gagal"
  },
  {
    "timestamp": "2025-01-05T07:47:11.602Z",
    "username": "syhaidun.041130",
    "success": false,
    "errorMessage": "Error: read ECONNRESET",
    "messageStatus": "Gagal"
  },
  {
    "timestamp": "2025-01-05T07:47:12.159Z",
    "username": "inimegaaa8",
    "success": false,
    "errorMessage": "Error: read ECONNRESET",
    "messageStatus": "Gagal"
  },
  {
    "timestamp": "2025-01-05T07:47:12.501Z",
    "username": "mangsaid03",
    "success": false,
    "errorMessage": "Error: read ECONNRESET",
    "messageStatus": "Gagal"
  },
  {
    "timestamp": "2025-01-05T07:47:12.894Z",
    "username": "mochamadfares_",
    "success": false,
    "errorMessage": "Error: read ECONNRESET",
    "messageStatus": "Gagal"
  },
  {
    "timestamp": "2025-01-05T07:47:13.462Z",
    "username": "suwaibah06_",
    "success": false,
    "errorMessage": "Error: read ECONNRESET",
    "messageStatus": "Gagal"
  },
  {
    "timestamp": "2025-01-05T07:47:13.742Z",
    "username": "yuliayulia025",
    "success": false,
    "errorMessage": "Error: read ECONNRESET",
    "messageStatus": "Gagal"
  },
  {
    "timestamp": "2025-01-05T07:47:13.931Z",
    "username": "pujiaryanti93",
    "success": false,
    "errorMessage": "Error: read ECONNRESET",
    "messageStatus": "Gagal"
  },
  {
    "timestamp": "2025-01-05T07:47:14.335Z",
    "username": "njwaaltfyh",
    "success": false,
    "errorMessage": "Error: read ECONNRESET",
    "messageStatus": "Gagal"
  },
  {
    "timestamp": "2025-01-05T07:47:14.423Z",
    "username": "diaz.z04x",
    "success": false,
    "errorMessage": "Error: read ECONNRESET",
    "messageStatus": "Gagal"
  },
  {
    "timestamp": "2025-01-05T07:47:14.504Z",
    "username": "murtadoaliyudin",
    "success": false,
    "errorMessage": "Error: read ECONNRESET",
    "messageStatus": "Gagal"
  },
  {
    "timestamp": "2025-01-05T07:47:14.618Z",
    "username": "rucky7775",
    "success": false,
    "errorMessage": "Error: read ECONNRESET",
    "messageStatus": "Gagal"
  },
  {
    "timestamp": "2025-01-05T07:47:14.723Z",
    "username": "sc.syifaau",
    "success": false,
    "errorMessage": "Error: read ECONNRESET",
    "messageStatus": "Gagal"
  },
  {
    "timestamp": "2025-01-05T07:47:14.861Z",
    "username": "czni_k",
    "success": false,
    "errorMessage": "Error: read ECONNRESET",
    "messageStatus": "Gagal"
  },
  {
    "timestamp": "2025-01-05T07:47:14.972Z",
    "username": "zhryh_09",
    "success": false,
    "errorMessage": "Error: read ECONNRESET",
    "messageStatus": "Gagal"
  },
  {
    "timestamp": "2025-01-05T07:47:15.080Z",
    "username": "ar.sya6649",
    "success": false,
    "errorMessage": "Error: read ECONNRESET",
    "messageStatus": "Gagal"
  },
  {
    "timestamp": "2025-01-05T07:47:15.291Z",
    "username": "mhmmdbhr7",
    "success": false,
    "errorMessage": "Error: read ECONNRESET",
    "messageStatus": "Gagal"
  },
  {
    "timestamp": "2025-01-05T07:47:15.370Z",
    "username": "ilhamhanafi2208",
    "success": false,
    "errorMessage": "Error: read ECONNRESET",
    "messageStatus": "Gagal"
  },
  {
    "timestamp": "2025-01-05T07:47:15.494Z",
    "username": "class.of_sevenkindly",
    "success": false,
    "errorMessage": "Error: read ECONNRESET",
    "messageStatus": "Gagal"
  },
  {
    "timestamp": "2025-01-05T07:47:15.598Z",
    "username": "falovfarelprayogalovers",
    "success": false,
    "errorMessage": "Error: read ECONNRESET",
    "messageStatus": "Gagal"
  },
  {
    "timestamp": "2025-01-05T07:47:15.673Z",
    "username": "ellbadawi123",
    "success": false,
    "errorMessage": "Error: read ECONNRESET",
    "messageStatus": "Gagal"
  },
  {
    "timestamp": "2025-01-05T07:47:15.777Z",
    "username": "ramzzz_03",
    "success": false,
    "errorMessage": "Error: read ECONNRESET",
    "messageStatus": "Gagal"
  },
  {
    "timestamp": "2025-01-05T07:47:16.011Z",
    "username": "scnid_aa",
    "success": false,
    "errorMessage": "Error: read ECONNRESET",
    "messageStatus": "Gagal"
  },
  {
    "timestamp": "2025-01-05T07:47:16.126Z",
    "username": "dlstnrfdllh_",
    "success": false,
    "errorMessage": "Error: read ECONNRESET",
    "messageStatus": "Gagal"
  },
  {
    "timestamp": "2025-01-05T07:47:16.231Z",
    "username": "adinda_kh1",
    "success": false,
    "errorMessage": "Error: read ECONNRESET",
    "messageStatus": "Gagal"
  },
  {
    "timestamp": "2025-01-05T07:47:16.311Z",
    "username": "inimega_11",
    "success": false,
    "errorMessage": "Error: read ECONNRESET",
    "messageStatus": "Gagal"
  },
  {
    "timestamp": "2025-01-05T07:47:16.404Z",
    "username": "sheesyifaa27_",
    "success": false,
    "errorMessage": "Error: read ECONNRESET",
    "messageStatus": "Gagal"
  },
  {
    "timestamp": "2025-01-05T07:47:16.589Z",
    "username": "10.9fabiannn",
    "success": false,
    "errorMessage": "Error: read ECONNRESET",
    "messageStatus": "Gagal"
  },
  {
    "timestamp": "2025-01-05T07:47:16.675Z",
    "username": "ichamrz07",
    "success": false,
    "errorMessage": "Error: read ECONNRESET",
    "messageStatus": "Gagal"
  },
  {
    "timestamp": "2025-01-05T07:47:16.783Z",
    "username": "iimeliindaa",
    "success": false,
    "errorMessage": "Error: read ECONNRESET",
    "messageStatus": "Gagal"
  },
  {
    "timestamp": "2025-01-05T07:47:16.866Z",
    "username": "arzleamrvllyn",
    "success": false,
    "errorMessage": "Error: read ECONNRESET",
    "messageStatus": "Gagal"
  },
  {
    "timestamp": "2025-01-05T07:47:16.941Z",
    "username": "zhr_slvn",
    "success": false,
    "errorMessage": "Error: read ECONNRESET",
    "messageStatus": "Gagal"
  },
  {
    "timestamp": "2025-01-05T07:47:17.108Z",
    "username": "najla123254",
    "success": false,
    "errorMessage": "Error: read ECONNRESET",
    "messageStatus": "Gagal"
  },
  {
    "timestamp": "2025-01-05T07:47:17.224Z",
    "username": "nazxira_23",
    "success": false,
    "errorMessage": "Error: read ECONNRESET",
    "messageStatus": "Gagal"
  },
  {
    "timestamp": "2025-01-05T07:47:17.302Z",
    "username": "boboyboyaboy",
    "success": false,
    "errorMessage": "Error: read ECONNRESET",
    "messageStatus": "Gagal"
  },
  {
    "timestamp": "2025-01-05T07:47:17.395Z",
    "username": "memet_rahma",
    "success": false,
    "errorMessage": "Error: read ECONNRESET",
    "messageStatus": "Gagal"
  },
  {
    "timestamp": "2025-01-05T07:47:17.488Z",
    "username": "danlpx_5",
    "success": false,
    "errorMessage": "Error: read ECONNRESET",
    "messageStatus": "Gagal"
  },
  {
    "timestamp": "2025-01-05T07:47:17.567Z",
    "username": "_veyy27",
    "success": false,
    "errorMessage": "Error: read ECONNRESET",
    "messageStatus": "Gagal"
  },
  {
    "timestamp": "2025-01-05T07:54:01.328Z",
    "username": "zxromdhoni",
    "success": true,
    "errorMessage": "",
    "messageStatus": "Terkirim"
  },
  {
    "timestamp": "2025-01-05T07:54:51.380Z",
    "username": "6310.angga",
    "success": true,
    "errorMessage": "",
    "messageStatus": "Terkirim"
  },
  {
    "timestamp": "2025-01-05T07:55:29.196Z",
    "username": "fara_bouquett",
    "success": true,
    "errorMessage": "",
    "messageStatus": "Terkirim"
  },
  {
    "timestamp": "2025-01-05T07:56:14.275Z",
    "username": "kumahakedah",
    "success": true,
    "errorMessage": "",
    "messageStatus": "Terkirim"
  },
  {
    "timestamp": "2025-01-05T07:56:56.219Z",
    "username": "egii__18",
    "success": true,
    "errorMessage": "",
    "messageStatus": "Terkirim"
  },
  {
    "timestamp": "2025-01-05T08:29:23.815Z",
    "username": "ilhaamsyafiiq",
    "success": true,
    "errorMessage": "",
    "messageStatus": "Terkirim"
  },
  {
    "timestamp": "2025-01-05T08:30:30.195Z",
    "username": "mir.khan321",
    "success": true,
    "errorMessage": "",
    "messageStatus": "Terkirim"
  },
  {
    "timestamp": "2025-01-05T08:32:19.009Z",
    "username": "iqbal_hadi09",
    "success": true,
    "errorMessage": "",
    "messageStatus": "Terkirim"
  },
  {
    "timestamp": "2025-01-05T08:43:40.073Z",
    "username": "dokolamojais",
    "success": true,
    "errorMessage": "",
    "messageStatus": "Terkirim"
  },
  {
    "timestamp": "2025-01-05T08:48:42.059Z",
    "username": "muhihsan241298",
    "success": true,
    "errorMessage": "",
    "messageStatus": "Terkirim"
  }
]
