[{"username":"kumahakedah","fullName":"Kedah Kumaha","isPrivate":false,"timestamp":"2025-01-05T15:27:28+07:00"},{"username":"ilhaamsyafiiq","fullName":"Ilham Syafiq Santoso Al Hafiz","isPrivate":false,"timestamp":"2025-01-05T15:27:28+07:00"},{"username":"mir.khan321","fullName":"Mirkhan","isPrivate":false,"timestamp":"2025-01-05T15:27:28+07:00"},{"username":"iqbal_hadi09","fullName":"Iqbal Hadi","isPrivate":false,"timestamp":"2025-01-05T15:27:28+07:00"},{"username":"dokolamojais","fullName":"jais dokolamo","isPrivate":false,"timestamp":"2025-01-05T15:27:28+07:00"},{"username":"muhihsan241298","fullName":"ihsan","isPrivate":false,"timestamp":"2025-01-05T15:27:28+07:00"},{"username":"balss087","fullName":"balss08","isPrivate":true,"timestamp":"2025-01-05T15:27:28+07:00"},{"username":"bangzhi_31","fullName":"Adi Abdul Aziz","isPrivate":false,"timestamp":"2025-01-05T15:27:28+07:00"},{"username":"ridw2n_17","fullName":"Lalu Ridwan Maulid","isPrivate":false,"timestamp":"2025-01-05T15:27:28+07:00"},{"username":"zelltea12","fullName":"jalaludin sayuti","isPrivate":false,"timestamp":"2025-01-05T15:27:28+07:00"},{"username":"asdi6759","fullName":"irpan67","isPrivate":false,"timestamp":"2025-01-05T15:27:28+07:00"},{"username":"dzaelanipermana","fullName":"Dzaelani prmana","isPrivate":false,"timestamp":"2025-01-05T15:27:28+07:00"},{"username":"its_fiqromaniki","fullName":"محمد فقرمول جهاد","isPrivate":false,"timestamp":"2025-01-05T15:27:28+07:00"},{"username":"ical_art.id","fullName":"Ical_art Nation","isPrivate":false,"timestamp":"2025-01-05T15:27:28+07:00"},{"username":"abd.rohimamng","fullName":"Madzkur","isPrivate":false,"timestamp":"2025-01-05T15:27:28+07:00"},{"username":"azzkalmuhammad_","fullName":"Charmlessman","isPrivate":false,"timestamp":"2025-01-05T15:27:28+07:00"},{"username":"iking.edi","fullName":"Asep Cihuy","isPrivate":false,"timestamp":"2025-01-05T15:27:28+07:00"},{"username":"_sulaeman_aljamjuri","fullName":"al-jamjuri","isPrivate":false,"timestamp":"2025-01-05T15:27:28+07:00"},{"username":"sulaimansulaiman5113","fullName":"خير العنام خير العنام","isPrivate":false,"timestamp":"2025-01-05T15:27:28+07:00"},{"username":"antobelanegara","fullName":"Anto Bela Negara","isPrivate":true,"timestamp":"2025-01-05T15:27:28+07:00"},{"username":"delonnurman","fullName":"Sayur Haseum","isPrivate":false,"timestamp":"2025-01-05T15:27:28+07:00"},{"username":"opanks28","fullName":"opanks28","isPrivate":true,"timestamp":"2025-01-05T15:27:28+07:00"},{"username":"goresanqolby26","fullName":"GoresanQolby 26","isPrivate":false,"timestamp":"2025-01-05T15:27:28+07:00"},{"username":"ulanningsi_","fullName":"Ulan Ningsi","isPrivate":true,"timestamp":"2025-01-05T15:27:28+07:00"},{"username":"ahmdsholeh78","fullName":"ponakan_izroil","isPrivate":false,"timestamp":"2025-01-05T15:27:28+07:00"},{"username":"alazizalbantanie","fullName":"Al aziz al bantanie","isPrivate":false,"timestamp":"2025-01-05T15:27:29+07:00"},{"username":"kangamin672","fullName":"","isPrivate":false,"timestamp":"2025-01-05T15:27:29+07:00"},{"username":"abidinsegarsekali","fullName":"DarkWorld","isPrivate":true,"timestamp":"2025-01-05T15:27:29+07:00"},{"username":"khoerunnisaaa1","fullName":"khounisaa","isPrivate":true,"timestamp":"2025-01-05T15:27:29+07:00"},{"username":"munissihabudin30","fullName":"MUNIS SIHABUDIN 30","isPrivate":false,"timestamp":"2025-01-05T15:27:29+07:00"},{"username":"denipatuloh1","fullName":"Teuing Saha","isPrivate":false,"timestamp":"2025-01-05T15:27:29+07:00"},{"username":"al_khuzaini","fullName":"M Khuzaini Al-Huzaefi Daks","isPrivate":false,"timestamp":"2025-01-05T15:27:29+07:00"},{"username":"abdullahsahal2021","fullName":"عبدالله سهل زهدي","isPrivate":true,"timestamp":"2025-01-05T15:27:29+07:00"},{"username":"mohammad_munzir15816","fullName":"Mohammad Munzir","isPrivate":false,"timestamp":"2025-01-05T15:27:29+07:00"},{"username":"akangbaharkamil","fullName":"akangbaharkamil","isPrivate":false,"timestamp":"2025-01-05T15:27:29+07:00"},{"username":"jaki.2201.05","fullName":"Jaki Cideng","isPrivate":true,"timestamp":"2025-01-05T15:27:29+07:00"},{"username":"nabiel454","fullName":"Nabiel","isPrivate":false,"timestamp":"2025-01-05T15:27:29+07:00"},{"username":"mohmaul02","fullName":"mohmaul02","isPrivate":false,"timestamp":"2025-01-05T15:27:29+07:00"},{"username":"aksanarian","fullName":"rian aksana","isPrivate":false,"timestamp":"2025-01-05T15:27:29+07:00"},{"username":"r1f_4ld1","fullName":"𝙈. 𝙍𝙞𝙫𝙖𝙡𝙙𝙞 𝕬𝖟𝖎 𝙍𝙖𝙢𝙙𝙝𝙖𝙣𝙞","isPrivate":false,"timestamp":"2025-01-05T15:27:29+07:00"},{"username":"finnnx_17","fullName":"Arifin Tng","isPrivate":false,"timestamp":"2025-01-05T15:27:29+07:00"},{"username":"jangasut11","fullName":"Jang Asut","isPrivate":false,"timestamp":"2025-01-05T15:27:29+07:00"},{"username":"ahmadxy15","fullName":"Ksatriya","isPrivate":false,"timestamp":"2025-01-05T15:27:29+07:00"},{"username":"derikrisna.new","fullName":"Deri Krisna","isPrivate":false,"timestamp":"2025-01-05T15:27:29+07:00"},{"username":"deniparzo8","fullName":"deniparzo","isPrivate":false,"timestamp":"2025-01-05T15:27:29+07:00"},{"username":"ikhwan_05_daks_tanggerang","fullName":"wan","isPrivate":true,"timestamp":"2025-01-05T15:27:29+07:00"},{"username":"_rmidrmwan","fullName":"","isPrivate":true,"timestamp":"2025-01-05T15:27:29+07:00"},{"username":"adilduwigunaduwiguna","fullName":"محمد نروطا","isPrivate":true,"timestamp":"2025-01-05T15:27:29+07:00"},{"username":"indratrift0","fullName":"","isPrivate":false,"timestamp":"2025-01-05T15:27:29+07:00"},{"username":"fikryy73","fullName":"FR.","isPrivate":false,"timestamp":"2025-01-05T15:27:29+07:00"},{"username":"hisbathisbat","fullName":"hisbat","isPrivate":false,"timestamp":"2025-01-05T15:27:30+07:00"},{"username":"msparis_91","fullName":"Salman Parisi","isPrivate":true,"timestamp":"2025-01-05T15:27:30+07:00"},{"username":"m.nurqoutin","fullName":"kotink","isPrivate":false,"timestamp":"2025-01-05T15:27:30+07:00"},{"username":"hadri6594","fullName":"محمد حدري","isPrivate":false,"timestamp":"2025-01-05T15:27:30+07:00"},{"username":"pejuangrupiah7775","fullName":"Abdul Abdul","isPrivate":false,"timestamp":"2025-01-05T15:27:30+07:00"},{"username":"warisramdi","fullName":"waris ramdi","isPrivate":false,"timestamp":"2025-01-05T15:27:30+07:00"},{"username":"achmadpauzi077","fullName":"Achmad Pauzi","isPrivate":false,"timestamp":"2025-01-05T15:27:30+07:00"},{"username":"ikee_nov9","fullName":"","isPrivate":false,"timestamp":"2025-01-05T15:27:30+07:00"},{"username":"rabiatulamirulhadijah","fullName":"Rabiatul Adawiah Amirullah","isPrivate":true,"timestamp":"2025-01-05T15:27:30+07:00"},{"username":"miqdadhmd","fullName":"Mon","isPrivate":true,"timestamp":"2025-01-05T15:27:30+07:00"},{"username":"bsakender","fullName":"Baron Sakender","isPrivate":false,"timestamp":"2025-01-05T15:27:30+07:00"},{"username":"dedyfitrihamizan81","fullName":"Dedy hamdani","isPrivate":true,"timestamp":"2025-01-05T15:27:30+07:00"},{"username":"dhen4530","fullName":"RH","isPrivate":true,"timestamp":"2025-01-05T15:27:30+07:00"},{"username":"muhamad03_yusuf","fullName":"(محمد يوسف)","isPrivate":false,"timestamp":"2025-01-05T15:27:30+07:00"},{"username":"sibaweh560","fullName":"Ahmad Sibaweh","isPrivate":false,"timestamp":"2025-01-05T15:27:30+07:00"},{"username":"wildanu043","fullName":"WILDANU04","isPrivate":true,"timestamp":"2025-01-05T15:27:30+07:00"},{"username":"ruhiyat5879","fullName":"Ilham Ruhiyat","isPrivate":false,"timestamp":"2025-01-05T15:27:30+07:00"},{"username":"bangke_mie","fullName":"Bangke","isPrivate":true,"timestamp":"2025-01-05T15:27:30+07:00"},{"username":"kang_arjuna01","fullName":"Abdu salam","isPrivate":false,"timestamp":"2025-01-05T15:27:30+07:00"},{"username":"ainn_fkriiie","fullName":"->Panglima_MID•Laner<-","isPrivate":false,"timestamp":"2025-01-05T15:27:30+07:00"},{"username":"nongbungsu_151","fullName":"Aang hidayah albuyuti104","isPrivate":false,"timestamp":"2025-01-05T15:27:30+07:00"},{"username":"buhur.garut","fullName":"Dadan Gunawan","isPrivate":false,"timestamp":"2025-01-05T15:27:30+07:00"},{"username":"mhmmdfqriiii","fullName":"","isPrivate":false,"timestamp":"2025-01-05T15:27:30+07:00"},{"username":"cephuhah_97","fullName":"Cep Huah","isPrivate":true,"timestamp":"2025-01-05T15:27:30+07:00"},{"username":"adjie.pangestu.5205622","fullName":"Endar gorust","isPrivate":false,"timestamp":"2025-01-05T15:27:30+07:00"},{"username":"irwanji55","fullName":"IR Wan","isPrivate":false,"timestamp":"2025-01-05T15:27:31+07:00"},{"username":"xpecoendang","fullName":"MI","isPrivate":false,"timestamp":"2025-01-05T15:27:31+07:00"},{"username":"acumsipit","fullName":"Aly42","isPrivate":false,"timestamp":"2025-01-05T15:27:31+07:00"},{"username":"gondrong_fg","fullName":"Hendi Fotografer","isPrivate":false,"timestamp":"2025-01-05T15:27:31+07:00"},{"username":"gugun_gunawan_alsukasariyi","fullName":"Gugun gunawan","isPrivate":false,"timestamp":"2025-01-05T15:27:31+07:00"},{"username":"pahrullah_","fullName":"arul","isPrivate":true,"timestamp":"2025-01-05T15:27:31+07:00"},{"username":"nurzaman_muhammad_s_015","fullName":"Badruzzaman","isPrivate":false,"timestamp":"2025-01-05T15:27:31+07:00"},{"username":"febriyr_ofc","fullName":"Febri Yanto.R","isPrivate":false,"timestamp":"2025-01-05T15:27:31+07:00"},{"username":"baiszaelani","fullName":"Abdul Baiz","isPrivate":false,"timestamp":"2025-01-05T15:27:31+07:00"},{"username":"onysalemah","fullName":"Ahmad Syahroni","isPrivate":true,"timestamp":"2025-01-05T15:27:31+07:00"},{"username":"bayu_albaa04","fullName":"Dillah04","isPrivate":true,"timestamp":"2025-01-05T15:27:31+07:00"},{"username":"ashari.el.5","fullName":"Ashari El","isPrivate":true,"timestamp":"2025-01-05T15:27:31+07:00"},{"username":"mhilalludiin_hidayatullah","fullName":"Kamiyyah Nurrul Hilal","isPrivate":false,"timestamp":"2025-01-05T15:27:31+07:00"},{"username":"trisno_rusadi","fullName":"TRISNO  RUSADI","isPrivate":true,"timestamp":"2025-01-05T15:27:31+07:00"},{"username":"ihsanuddin1801","fullName":"Ihsanuddin","isPrivate":false,"timestamp":"2025-01-05T15:27:31+07:00"},{"username":"beyyy_1705","fullName":"Bayu Al-Mansuri","isPrivate":false,"timestamp":"2025-01-05T15:27:31+07:00"},{"username":"asyarisayyid","fullName":"Sayyid Asy'ari","isPrivate":false,"timestamp":"2025-01-05T15:27:31+07:00"},{"username":"rpkyymaulnaa","fullName":"kii","isPrivate":true,"timestamp":"2025-01-05T15:27:31+07:00"},{"username":"muhammadangga3520","fullName":"Angga Saputra","isPrivate":false,"timestamp":"2025-01-05T15:27:31+07:00"},{"username":"prayogaiqbalm31","fullName":"Prayoga Iqbal Maulana","isPrivate":false,"timestamp":"2025-01-05T15:27:31+07:00"},{"username":"hsn___mjd","fullName":"","isPrivate":true,"timestamp":"2025-01-05T15:27:31+07:00"},{"username":"ahmdhririiiiii","fullName":"rii","isPrivate":true,"timestamp":"2025-01-05T15:27:31+07:00"},{"username":"ryan_ayd_99","fullName":"Arsyad Akhdan","isPrivate":false,"timestamp":"2025-01-05T15:27:31+07:00"},{"username":"omenznak","fullName":"Omenz Nak Bungsu","isPrivate":false,"timestamp":"2025-01-05T15:27:31+07:00"},{"username":"putu_ki_musonif","fullName":"putu ki musonif","isPrivate":false,"timestamp":"2025-01-05T15:27:31+07:00"},{"username":"gus.althaf_official","fullName":"Gus. Raden. Daris Althaf Abdalla Al-Qudusi, C.Mt, C.SEFH, C.RTCH","isPrivate":false,"timestamp":"2025-01-05T15:27:32+07:00"},{"username":"pendekarrilahii","fullName":"Pendekarr Ilahii","isPrivate":true,"timestamp":"2025-01-05T15:27:32+07:00"},{"username":"lkeposia","fullName":"kepo sia lah","isPrivate":false,"timestamp":"2025-01-05T15:27:32+07:00"},{"username":"imanahmad51","fullName":"Iman Ahmad","isPrivate":false,"timestamp":"2025-01-05T15:27:32+07:00"},{"username":"wahyualfaruq2023","fullName":"Wahyu alfaruq","isPrivate":false,"timestamp":"2025-01-05T15:27:32+07:00"},{"username":"chengladok21","fullName":"calon_mayit","isPrivate":true,"timestamp":"2025-01-05T15:27:32+07:00"},{"username":"insta_granm","fullName":"DENI","isPrivate":true,"timestamp":"2025-01-05T15:27:32+07:00"},{"username":"il_yas3524","fullName":"ilyas","isPrivate":false,"timestamp":"2025-01-05T15:27:32+07:00"},{"username":"arifsakira5","fullName":"Arifsakira","isPrivate":false,"timestamp":"2025-01-05T15:27:32+07:00"},{"username":"kang_ajja","fullName":"Kang Abdull Ajja","isPrivate":false,"timestamp":"2025-01-05T15:27:32+07:00"},{"username":"mas.ardy24","fullName":"Sukardi","isPrivate":false,"timestamp":"2025-01-05T15:27:32+07:00"},{"username":"dayatazizmaulana","fullName":"Dayat Aziz Maulana","isPrivate":false,"timestamp":"2025-01-05T15:27:32+07:00"},{"username":"angga_frd70","fullName":"Angga Farid","isPrivate":false,"timestamp":"2025-01-05T15:27:32+07:00"},{"username":"ismal97","fullName":"اسماعيل","isPrivate":false,"timestamp":"2025-01-05T15:27:32+07:00"},{"username":"muhammadaminalkutbi","fullName":"muhammadaminalkutbi","isPrivate":false,"timestamp":"2025-01-05T15:27:32+07:00"},{"username":"ellsyibaweh29","fullName":"Dhod Ell Syibaweh","isPrivate":true,"timestamp":"2025-01-05T15:27:32+07:00"},{"username":"ediiwekwew","fullName":"Ediiwekwew","isPrivate":false,"timestamp":"2025-01-05T15:27:32+07:00"},{"username":"muhamadirfan9480","fullName":"mumuh","isPrivate":true,"timestamp":"2025-01-05T15:27:32+07:00"}]
