[{"username":"zxromdhoni","fullName":"ahmad romdhoni","isPrivate":true,"timestamp":"2025-01-05T14:33:09+07:00"},{"username":"6310.angga","fullName":"Angga","isPrivate":false,"timestamp":"2025-01-05T14:33:09+07:00"},{"username":"fara_bouquett","fullName":"BUKET SOREANG KATAPANG KOPO BANDUNG","isPrivate":false,"timestamp":"2025-01-05T14:33:09+07:00"},{"username":"kumahakedah","fullName":"Kedah Kumaha","isPrivate":false,"timestamp":"2025-01-05T14:33:09+07:00"},{"username":"egii__18","fullName":"","isPrivate":true,"timestamp":"2025-01-05T14:33:09+07:00"},{"username":"_giksptra_18","fullName":"egii","isPrivate":true,"timestamp":"2025-01-05T14:33:09+07:00"},{"username":"_chnzaa","fullName":"chnzaa","isPrivate":false,"timestamp":"2025-01-05T14:33:09+07:00"},{"username":"indri_869","fullName":"","isPrivate":true,"timestamp":"2025-01-05T14:33:09+07:00"},{"username":"fyy_alfy","fullName":"Muhammad Alfyansyah","isPrivate":true,"timestamp":"2025-01-05T14:33:09+07:00"},{"username":"ilyas_1099","fullName":"ilyas","isPrivate":false,"timestamp":"2025-01-05T14:33:09+07:00"},{"username":"syhaidun.041130","fullName":"","isPrivate":false,"timestamp":"2025-01-05T14:33:09+07:00"},{"username":"inimegaaa8","fullName":"inimegaaa","isPrivate":false,"timestamp":"2025-01-05T14:33:09+07:00"},{"username":"mangsaid03","fullName":"Chep Shamad","isPrivate":false,"timestamp":"2025-01-05T14:33:09+07:00"},{"username":"mochamadfares_","fullName":"ES","isPrivate":true,"timestamp":"2025-01-05T14:33:09+07:00"},{"username":"suwaibah06_","fullName":"siti suwaibah","isPrivate":false,"timestamp":"2025-01-05T14:33:09+07:00"},{"username":"yuliayulia025","fullName":"","isPrivate":true,"timestamp":"2025-01-05T14:33:09+07:00"},{"username":"pujiaryanti93","fullName":"puji aryanti","isPrivate":true,"timestamp":"2025-01-05T14:33:09+07:00"},{"username":"njwaaltfyh","fullName":"najj","isPrivate":false,"timestamp":"2025-01-05T14:33:09+07:00"},{"username":"diaz.z04x","fullName":"","isPrivate":false,"timestamp":"2025-01-05T14:33:09+07:00"},{"username":"murtadoaliyudin","fullName":"aliyudin murtado","isPrivate":false,"timestamp":"2025-01-05T14:33:09+07:00"},{"username":"rucky7775","fullName":"","isPrivate":false,"timestamp":"2025-01-05T14:33:09+07:00"},{"username":"sc.syifaau","fullName":"syifaaaaaaaaa","isPrivate":true,"timestamp":"2025-01-05T14:33:09+07:00"},{"username":"czni_k","fullName":"penk","isPrivate":false,"timestamp":"2025-01-05T14:33:09+07:00"},{"username":"zhryh_09","fullName":"Siti Faathimah Zuhriyah","isPrivate":true,"timestamp":"2025-01-05T14:33:09+07:00"},{"username":"ar.sya6649","fullName":"arsya","isPrivate":false,"timestamp":"2025-01-05T14:33:09+07:00"},{"username":"mhmmdbhr7","fullName":"mhmmdbhr","isPrivate":false,"timestamp":"2025-01-05T14:33:14+07:00"},{"username":"ilhamhanafi2208","fullName":"ilham hanafi","isPrivate":false,"timestamp":"2025-01-05T14:33:14+07:00"},{"username":"class.of_sevenkindly","fullName":"𝐖𝐄𝐋𝐂𝐎𝐌𝐄 𝐓𝐎 𝐕𝐈𝐈 - 𝐊","isPrivate":false,"timestamp":"2025-01-05T14:33:14+07:00"},{"username":"falovfarelprayogalovers","fullName":"Farel prayoga lovers","isPrivate":true,"timestamp":"2025-01-05T14:33:14+07:00"},{"username":"ellbadawi123","fullName":"اؤل","isPrivate":false,"timestamp":"2025-01-05T14:33:14+07:00"},{"username":"ramzzz_03","fullName":"nrahmadni","isPrivate":false,"timestamp":"2025-01-05T14:33:14+07:00"},{"username":"scnid_aa","fullName":"","isPrivate":false,"timestamp":"2025-01-05T14:33:14+07:00"},{"username":"dlstnrfdllh_","fullName":"ila.","isPrivate":true,"timestamp":"2025-01-05T14:33:14+07:00"},{"username":"adinda_kh1","fullName":"⁠~dindaෆ","isPrivate":true,"timestamp":"2025-01-05T14:33:14+07:00"},{"username":"inimega_11","fullName":"inimega_11","isPrivate":false,"timestamp":"2025-01-05T14:33:14+07:00"},{"username":"sheesyifaa27_","fullName":"Syifa Rahmawati","isPrivate":false,"timestamp":"2025-01-05T14:33:14+07:00"},{"username":"10.9fabiannn","fullName":"fabianjooo","isPrivate":true,"timestamp":"2025-01-05T14:33:14+07:00"},{"username":"ichamrz07","fullName":"ichaamarizza","isPrivate":true,"timestamp":"2025-01-05T14:33:14+07:00"},{"username":"iimeliindaa","fullName":"lilin_hidup 🕯️","isPrivate":true,"timestamp":"2025-01-05T14:33:14+07:00"},{"username":"arzleamrvllyn","fullName":"Arzaleaa","isPrivate":false,"timestamp":"2025-01-05T14:33:14+07:00"},{"username":"zhr_slvn","fullName":"Zahraa","isPrivate":false,"timestamp":"2025-01-05T14:33:14+07:00"},{"username":"najla123254","fullName":"najla123","isPrivate":false,"timestamp":"2025-01-05T14:33:14+07:00"},{"username":"nazxira_23","fullName":"nathan izz wardhana","isPrivate":true,"timestamp":"2025-01-05T14:33:14+07:00"},{"username":"boboyboyaboy","fullName":"ᴬᵇᵒʸᴬᵇᵒʸ","isPrivate":true,"timestamp":"2025-01-05T14:33:14+07:00"},{"username":"memet_rahma","fullName":"","isPrivate":false,"timestamp":"2025-01-05T14:33:14+07:00"},{"username":"danlpx_5","fullName":"uputri","isPrivate":true,"timestamp":"2025-01-05T14:33:14+07:00"},{"username":"_veyy27","fullName":"scveyy_","isPrivate":false,"timestamp":"2025-01-05T14:33:14+07:00"},{"username":"de.ndi5370","fullName":"Hbt Hayper Lider","isPrivate":false,"timestamp":"2025-01-05T14:33:14+07:00"},{"username":"calonsantriah","fullName":"calonsantriah","isPrivate":false,"timestamp":"2025-01-05T14:33:14+07:00"},{"username":"gn.kmilaa","fullName":"gina","isPrivate":true,"timestamp":"2025-01-05T14:33:14+07:00"},{"username":"wawanazwa31","fullName":"wawa nazwa","isPrivate":false,"timestamp":"2025-01-05T14:33:20+07:00"},{"username":"haidir___adi","fullName":"ადიჰა","isPrivate":true,"timestamp":"2025-01-05T14:33:20+07:00"},{"username":"vidzzim","fullName":"vacua","isPrivate":true,"timestamp":"2025-01-05T14:33:20+07:00"},{"username":"arpahgmail","fullName":"Arpah A","isPrivate":false,"timestamp":"2025-01-05T14:33:20+07:00"},{"username":"widianr_08","fullName":"widiaaaa","isPrivate":false,"timestamp":"2025-01-05T14:33:20+07:00"},{"username":"xyzuaa06","fullName":"nazwa","isPrivate":false,"timestamp":"2025-01-05T14:33:20+07:00"},{"username":"bar1qqq","fullName":"aiqqq","isPrivate":false,"timestamp":"2025-01-05T14:33:20+07:00"},{"username":"gnaaaaaa235","fullName":"naaaaa","isPrivate":true,"timestamp":"2025-01-05T14:33:20+07:00"},{"username":"inimega15","fullName":"rowrrr","isPrivate":false,"timestamp":"2025-01-05T14:33:20+07:00"},{"username":"glaksarey","fullName":"Arga🐺","isPrivate":true,"timestamp":"2025-01-05T14:33:20+07:00"},{"username":"yuliani_130602","fullName":"Yuliani","isPrivate":false,"timestamp":"2025-01-05T14:33:20+07:00"},{"username":"aisy.ahh8136","fullName":"","isPrivate":false,"timestamp":"2025-01-05T14:33:20+07:00"},{"username":"nofahafsyah13","fullName":"nofahafsyah13","isPrivate":false,"timestamp":"2025-01-05T14:33:20+07:00"},{"username":"azkiaaira12","fullName":"raa","isPrivate":true,"timestamp":"2025-01-05T14:33:20+07:00"},{"username":"cengfikri09","fullName":"ceng Fikri09","isPrivate":false,"timestamp":"2025-01-05T14:33:20+07:00"},{"username":"opikkal","fullName":"Opik Kal","isPrivate":false,"timestamp":"2025-01-05T14:33:20+07:00"},{"username":"scc.dyndraaa","fullName":"","isPrivate":true,"timestamp":"2025-01-05T14:33:20+07:00"},{"username":"ahmad_muhammad_solihin","fullName":"احمد محمد صلحن","isPrivate":false,"timestamp":"2025-01-05T14:33:20+07:00"},{"username":"romlira87","fullName":"Romli El Mughni","isPrivate":true,"timestamp":"2025-01-05T14:33:20+07:00"},{"username":"dynr.mrwaaa","fullName":"Dyaaaanr","isPrivate":true,"timestamp":"2025-01-05T14:33:20+07:00"},{"username":"aisyahh8136","fullName":"","isPrivate":false,"timestamp":"2025-01-05T14:33:20+07:00"},{"username":"elsafitriyani6524","fullName":"Elsa Fitriani","isPrivate":false,"timestamp":"2025-01-05T14:33:20+07:00"},{"username":"yustiawanyusman","fullName":"ut.men","isPrivate":false,"timestamp":"2025-01-05T14:33:20+07:00"},{"username":"ivi.silvii","fullName":"Silvia Yana Ramadhani","isPrivate":false,"timestamp":"2025-01-05T14:33:20+07:00"},{"username":"itssraajmielll","fullName":"Sarah jamilah","isPrivate":true,"timestamp":"2025-01-05T14:33:20+07:00"},{"username":"aspikhrnnsa","fullName":"a","isPrivate":false,"timestamp":"2025-01-05T14:33:25+07:00"},{"username":"amaaira1216","fullName":"12:16","isPrivate":false,"timestamp":"2025-01-05T14:33:25+07:00"},{"username":"ssyif44uu_","fullName":"࣪🦋🦋🦋","isPrivate":false,"timestamp":"2025-01-05T14:33:25+07:00"},{"username":"scc_yoo21","fullName":"scc.linn","isPrivate":false,"timestamp":"2025-01-05T14:33:25+07:00"},{"username":"mariyah2026","fullName":"wipa_sakinah","isPrivate":true,"timestamp":"2025-01-05T14:33:25+07:00"},{"username":"cikarusvita_","fullName":"cikkk","isPrivate":false,"timestamp":"2025-01-05T14:33:25+07:00"},{"username":"dhinniee3548","fullName":"dinnnn🦋","isPrivate":false,"timestamp":"2025-01-05T14:33:25+07:00"},{"username":"dorxsite","fullName":"dori","isPrivate":true,"timestamp":"2025-01-05T14:33:25+07:00"},{"username":"iqbalmuhammad2965","fullName":"iqbal Muhammad","isPrivate":false,"timestamp":"2025-01-05T14:33:25+07:00"},{"username":"agniptrr","fullName":"niaaaaaa","isPrivate":false,"timestamp":"2025-01-05T14:33:25+07:00"},{"username":"des_sanz22","fullName":"Des_sanz22","isPrivate":false,"timestamp":"2025-01-05T14:33:25+07:00"},{"username":"nateyammm","fullName":"","isPrivate":false,"timestamp":"2025-01-05T14:33:25+07:00"},{"username":"zyxx_ram","fullName":"ramzz","isPrivate":false,"timestamp":"2025-01-05T14:33:25+07:00"},{"username":"rramdanimaulanaa","fullName":"O D O N","isPrivate":true,"timestamp":"2025-01-05T14:33:25+07:00"},{"username":"syifl0ove21","fullName":"sc Syifa Dinda","isPrivate":true,"timestamp":"2025-01-05T14:33:25+07:00"},{"username":"urlove_ka1","fullName":"Dhit4ulia","isPrivate":true,"timestamp":"2025-01-05T14:33:25+07:00"},{"username":"widiaaaft","fullName":"","isPrivate":true,"timestamp":"2025-01-05T14:33:25+07:00"},{"username":"nayxz_357","fullName":"mutttt","isPrivate":true,"timestamp":"2025-01-05T14:33:25+07:00"},{"username":"_faaaaa33","fullName":"ANS_111","isPrivate":true,"timestamp":"2025-01-05T14:33:25+07:00"},{"username":"aulianzawa","fullName":"nzawa aulia","isPrivate":false,"timestamp":"2025-01-05T14:33:25+07:00"},{"username":"nurmaulda_","fullName":"andini_","isPrivate":false,"timestamp":"2025-01-05T14:33:25+07:00"},{"username":"rismaya77","fullName":"rini rismaya","isPrivate":false,"timestamp":"2025-01-05T14:33:25+07:00"},{"username":"iin4869","fullName":"nazwa aulia","isPrivate":false,"timestamp":"2025-01-05T14:33:25+07:00"},{"username":"riana3799","fullName":"salmasalsa","isPrivate":false,"timestamp":"2025-01-05T14:33:25+07:00"},{"username":"helvii_ajaa","fullName":"bocil kicii 👼","isPrivate":false,"timestamp":"2025-01-05T14:33:25+07:00"}]
