[{"username":"zxromdhoni","fullName":"ahmad romdhoni","isPrivate":true,"timestamp":"2025-01-05T14:35:23+07:00"},{"username":"6310.angga","fullName":"Angga","isPrivate":false,"timestamp":"2025-01-05T14:35:23+07:00"},{"username":"fara_bouquett","fullName":"BUKET SOREANG KATAPANG KOPO BANDUNG","isPrivate":false,"timestamp":"2025-01-05T14:35:23+07:00"},{"username":"kumahakedah","fullName":"Kedah Kumaha","isPrivate":false,"timestamp":"2025-01-05T14:35:23+07:00"},{"username":"egii__18","fullName":"","isPrivate":true,"timestamp":"2025-01-05T14:35:23+07:00"},{"username":"_giksptra_18","fullName":"egii","isPrivate":true,"timestamp":"2025-01-05T14:35:23+07:00"},{"username":"_chnzaa","fullName":"chnzaa","isPrivate":false,"timestamp":"2025-01-05T14:35:23+07:00"},{"username":"indri_869","fullName":"","isPrivate":true,"timestamp":"2025-01-05T14:35:23+07:00"},{"username":"fyy_alfy","fullName":"Muhammad Alfyansyah","isPrivate":true,"timestamp":"2025-01-05T14:35:23+07:00"},{"username":"ilyas_1099","fullName":"ilyas","isPrivate":false,"timestamp":"2025-01-05T14:35:23+07:00"},{"username":"syhaidun.041130","fullName":"","isPrivate":false,"timestamp":"2025-01-05T14:35:23+07:00"},{"username":"inimegaaa8","fullName":"inimegaaa","isPrivate":false,"timestamp":"2025-01-05T14:35:23+07:00"},{"username":"mangsaid03","fullName":"Chep Shamad","isPrivate":false,"timestamp":"2025-01-05T14:35:23+07:00"},{"username":"mochamadfares_","fullName":"ES","isPrivate":true,"timestamp":"2025-01-05T14:35:23+07:00"},{"username":"suwaibah06_","fullName":"siti suwaibah","isPrivate":false,"timestamp":"2025-01-05T14:35:23+07:00"},{"username":"yuliayulia025","fullName":"","isPrivate":true,"timestamp":"2025-01-05T14:35:23+07:00"},{"username":"pujiaryanti93","fullName":"puji aryanti","isPrivate":true,"timestamp":"2025-01-05T14:35:23+07:00"},{"username":"njwaaltfyh","fullName":"najj","isPrivate":false,"timestamp":"2025-01-05T14:35:23+07:00"},{"username":"diaz.z04x","fullName":"","isPrivate":false,"timestamp":"2025-01-05T14:35:23+07:00"},{"username":"murtadoaliyudin","fullName":"aliyudin murtado","isPrivate":false,"timestamp":"2025-01-05T14:35:23+07:00"},{"username":"rucky7775","fullName":"","isPrivate":false,"timestamp":"2025-01-05T14:35:23+07:00"},{"username":"sc.syifaau","fullName":"syifaaaaaaaaa","isPrivate":true,"timestamp":"2025-01-05T14:35:23+07:00"},{"username":"czni_k","fullName":"penk","isPrivate":false,"timestamp":"2025-01-05T14:35:23+07:00"},{"username":"zhryh_09","fullName":"Siti Faathimah Zuhriyah","isPrivate":true,"timestamp":"2025-01-05T14:35:23+07:00"},{"username":"ar.sya6649","fullName":"arsya","isPrivate":false,"timestamp":"2025-01-05T14:35:23+07:00"},{"username":"mhmmdbhr7","fullName":"mhmmdbhr","isPrivate":false,"timestamp":"2025-01-05T14:35:29+07:00"},{"username":"ilhamhanafi2208","fullName":"ilham hanafi","isPrivate":false,"timestamp":"2025-01-05T14:35:29+07:00"},{"username":"class.of_sevenkindly","fullName":"𝐖𝐄𝐋𝐂𝐎𝐌𝐄 𝐓𝐎 𝐕𝐈𝐈 - 𝐊","isPrivate":false,"timestamp":"2025-01-05T14:35:29+07:00"},{"username":"falovfarelprayogalovers","fullName":"Farel prayoga lovers","isPrivate":true,"timestamp":"2025-01-05T14:35:29+07:00"},{"username":"ellbadawi123","fullName":"اؤل","isPrivate":false,"timestamp":"2025-01-05T14:35:29+07:00"},{"username":"ramzzz_03","fullName":"nrahmadni","isPrivate":false,"timestamp":"2025-01-05T14:35:29+07:00"},{"username":"scnid_aa","fullName":"","isPrivate":false,"timestamp":"2025-01-05T14:35:29+07:00"},{"username":"dlstnrfdllh_","fullName":"ila.","isPrivate":true,"timestamp":"2025-01-05T14:35:29+07:00"},{"username":"adinda_kh1","fullName":"⁠~dindaෆ","isPrivate":true,"timestamp":"2025-01-05T14:35:29+07:00"},{"username":"inimega_11","fullName":"inimega_11","isPrivate":false,"timestamp":"2025-01-05T14:35:29+07:00"},{"username":"sheesyifaa27_","fullName":"Syifa Rahmawati","isPrivate":false,"timestamp":"2025-01-05T14:35:29+07:00"},{"username":"10.9fabiannn","fullName":"fabianjooo","isPrivate":true,"timestamp":"2025-01-05T14:35:29+07:00"},{"username":"ichamrz07","fullName":"ichaamarizza","isPrivate":true,"timestamp":"2025-01-05T14:35:29+07:00"},{"username":"iimeliindaa","fullName":"lilin_hidup 🕯️","isPrivate":true,"timestamp":"2025-01-05T14:35:29+07:00"},{"username":"arzleamrvllyn","fullName":"Arzaleaa","isPrivate":false,"timestamp":"2025-01-05T14:35:29+07:00"},{"username":"zhr_slvn","fullName":"Zahraa","isPrivate":false,"timestamp":"2025-01-05T14:35:29+07:00"},{"username":"najla123254","fullName":"najla123","isPrivate":false,"timestamp":"2025-01-05T14:35:29+07:00"},{"username":"nazxira_23","fullName":"nathan izz wardhana","isPrivate":true,"timestamp":"2025-01-05T14:35:29+07:00"},{"username":"boboyboyaboy","fullName":"ᴬᵇᵒʸᴬᵇᵒʸ","isPrivate":true,"timestamp":"2025-01-05T14:35:29+07:00"},{"username":"memet_rahma","fullName":"","isPrivate":false,"timestamp":"2025-01-05T14:35:29+07:00"},{"username":"danlpx_5","fullName":"uputri","isPrivate":true,"timestamp":"2025-01-05T14:35:29+07:00"},{"username":"_veyy27","fullName":"scveyy_","isPrivate":false,"timestamp":"2025-01-05T14:35:29+07:00"},{"username":"de.ndi5370","fullName":"Hbt Hayper Lider","isPrivate":false,"timestamp":"2025-01-05T14:35:29+07:00"},{"username":"calonsantriah","fullName":"calonsantriah","isPrivate":false,"timestamp":"2025-01-05T14:35:29+07:00"},{"username":"gn.kmilaa","fullName":"gina","isPrivate":true,"timestamp":"2025-01-05T14:35:29+07:00"},{"username":"wawanazwa31","fullName":"wawa nazwa","isPrivate":false,"timestamp":"2025-01-05T14:35:34+07:00"},{"username":"haidir___adi","fullName":"ადიჰა","isPrivate":true,"timestamp":"2025-01-05T14:35:34+07:00"},{"username":"vidzzim","fullName":"vacua","isPrivate":true,"timestamp":"2025-01-05T14:35:34+07:00"},{"username":"arpahgmail","fullName":"Arpah A","isPrivate":false,"timestamp":"2025-01-05T14:35:34+07:00"},{"username":"widianr_08","fullName":"widiaaaa","isPrivate":false,"timestamp":"2025-01-05T14:35:34+07:00"},{"username":"xyzuaa06","fullName":"nazwa","isPrivate":false,"timestamp":"2025-01-05T14:35:34+07:00"},{"username":"bar1qqq","fullName":"aiqqq","isPrivate":false,"timestamp":"2025-01-05T14:35:34+07:00"},{"username":"gnaaaaaa235","fullName":"naaaaa","isPrivate":true,"timestamp":"2025-01-05T14:35:34+07:00"},{"username":"inimega15","fullName":"rowrrr","isPrivate":false,"timestamp":"2025-01-05T14:35:34+07:00"},{"username":"glaksarey","fullName":"Arga🐺","isPrivate":true,"timestamp":"2025-01-05T14:35:34+07:00"},{"username":"yuliani_130602","fullName":"Yuliani","isPrivate":false,"timestamp":"2025-01-05T14:35:34+07:00"},{"username":"aisy.ahh8136","fullName":"","isPrivate":false,"timestamp":"2025-01-05T14:35:34+07:00"},{"username":"nofahafsyah13","fullName":"nofahafsyah13","isPrivate":false,"timestamp":"2025-01-05T14:35:34+07:00"},{"username":"azkiaaira12","fullName":"raa","isPrivate":true,"timestamp":"2025-01-05T14:35:34+07:00"},{"username":"cengfikri09","fullName":"ceng Fikri09","isPrivate":false,"timestamp":"2025-01-05T14:35:34+07:00"},{"username":"opikkal","fullName":"Opik Kal","isPrivate":false,"timestamp":"2025-01-05T14:35:34+07:00"},{"username":"scc.dyndraaa","fullName":"","isPrivate":true,"timestamp":"2025-01-05T14:35:34+07:00"},{"username":"ahmad_muhammad_solihin","fullName":"احمد محمد صلحن","isPrivate":false,"timestamp":"2025-01-05T14:35:34+07:00"},{"username":"romlira87","fullName":"Romli El Mughni","isPrivate":true,"timestamp":"2025-01-05T14:35:34+07:00"},{"username":"dynr.mrwaaa","fullName":"Dyaaaanr","isPrivate":true,"timestamp":"2025-01-05T14:35:34+07:00"},{"username":"aisyahh8136","fullName":"","isPrivate":false,"timestamp":"2025-01-05T14:35:34+07:00"},{"username":"elsafitriyani6524","fullName":"Elsa Fitriani","isPrivate":false,"timestamp":"2025-01-05T14:35:34+07:00"},{"username":"yustiawanyusman","fullName":"ut.men","isPrivate":false,"timestamp":"2025-01-05T14:35:34+07:00"},{"username":"ivi.silvii","fullName":"Silvia Yana Ramadhani","isPrivate":false,"timestamp":"2025-01-05T14:35:34+07:00"},{"username":"itssraajmielll","fullName":"Sarah jamilah","isPrivate":true,"timestamp":"2025-01-05T14:35:34+07:00"},{"username":"aspikhrnnsa","fullName":"a","isPrivate":false,"timestamp":"2025-01-05T14:35:40+07:00"},{"username":"amaaira1216","fullName":"12:16","isPrivate":false,"timestamp":"2025-01-05T14:35:40+07:00"},{"username":"ssyif44uu_","fullName":"࣪🦋🦋🦋","isPrivate":false,"timestamp":"2025-01-05T14:35:40+07:00"},{"username":"scc_yoo21","fullName":"scc.linn","isPrivate":false,"timestamp":"2025-01-05T14:35:40+07:00"},{"username":"mariyah2026","fullName":"wipa_sakinah","isPrivate":true,"timestamp":"2025-01-05T14:35:40+07:00"},{"username":"cikarusvita_","fullName":"cikkk","isPrivate":false,"timestamp":"2025-01-05T14:35:40+07:00"},{"username":"dhinniee3548","fullName":"dinnnn🦋","isPrivate":false,"timestamp":"2025-01-05T14:35:40+07:00"},{"username":"dorxsite","fullName":"dori","isPrivate":true,"timestamp":"2025-01-05T14:35:40+07:00"},{"username":"iqbalmuhammad2965","fullName":"iqbal Muhammad","isPrivate":false,"timestamp":"2025-01-05T14:35:40+07:00"},{"username":"agniptrr","fullName":"niaaaaaa","isPrivate":false,"timestamp":"2025-01-05T14:35:40+07:00"},{"username":"des_sanz22","fullName":"Des_sanz22","isPrivate":false,"timestamp":"2025-01-05T14:35:40+07:00"},{"username":"nateyammm","fullName":"","isPrivate":false,"timestamp":"2025-01-05T14:35:40+07:00"},{"username":"zyxx_ram","fullName":"ramzz","isPrivate":false,"timestamp":"2025-01-05T14:35:40+07:00"},{"username":"rramdanimaulanaa","fullName":"O D O N","isPrivate":true,"timestamp":"2025-01-05T14:35:40+07:00"},{"username":"syifl0ove21","fullName":"sc Syifa Dinda","isPrivate":true,"timestamp":"2025-01-05T14:35:40+07:00"},{"username":"urlove_ka1","fullName":"Dhit4ulia","isPrivate":true,"timestamp":"2025-01-05T14:35:40+07:00"},{"username":"widiaaaft","fullName":"","isPrivate":true,"timestamp":"2025-01-05T14:35:40+07:00"},{"username":"nayxz_357","fullName":"mutttt","isPrivate":true,"timestamp":"2025-01-05T14:35:40+07:00"},{"username":"_faaaaa33","fullName":"ANS_111","isPrivate":true,"timestamp":"2025-01-05T14:35:40+07:00"},{"username":"aulianzawa","fullName":"nzawa aulia","isPrivate":false,"timestamp":"2025-01-05T14:35:40+07:00"},{"username":"nurmaulda_","fullName":"andini_","isPrivate":false,"timestamp":"2025-01-05T14:35:40+07:00"},{"username":"rismaya77","fullName":"rini rismaya","isPrivate":false,"timestamp":"2025-01-05T14:35:40+07:00"},{"username":"iin4869","fullName":"nazwa aulia","isPrivate":false,"timestamp":"2025-01-05T14:35:40+07:00"},{"username":"riana3799","fullName":"salmasalsa","isPrivate":false,"timestamp":"2025-01-05T14:35:40+07:00"},{"username":"helvii_ajaa","fullName":"bocil kicii 👼","isPrivate":false,"timestamp":"2025-01-05T14:35:40+07:00"},{"username":"dianwahyudin37","fullName":"Dian Wahyudin","isPrivate":false,"timestamp":"2025-01-05T14:35:47+07:00"},{"username":"alwaysnaa95","fullName":"RIYANA⚡","isPrivate":false,"timestamp":"2025-01-05T14:35:47+07:00"},{"username":"ahmadujo575","fullName":"ujoo","isPrivate":false,"timestamp":"2025-01-05T14:35:47+07:00"},{"username":"nnaaznjiahh","fullName":"~💐°🌷^°^","isPrivate":true,"timestamp":"2025-01-05T14:35:47+07:00"},{"username":"anik_n65y7z","fullName":"aniqq","isPrivate":false,"timestamp":"2025-01-05T14:35:47+07:00"},{"username":"eko_prayitno666","fullName":"EKO PRAYITNO [KENZI]🌍","isPrivate":false,"timestamp":"2025-01-05T14:35:47+07:00"},{"username":"fii_adzr","fullName":"روفي","isPrivate":false,"timestamp":"2025-01-05T14:35:47+07:00"},{"username":"aulia_nazua123","fullName":"Nazwa Aulia Aulia","isPrivate":true,"timestamp":"2025-01-05T14:35:47+07:00"},{"username":"wawa7902","fullName":"wawa","isPrivate":false,"timestamp":"2025-01-05T14:35:47+07:00"},{"username":"nijam_alhikam","fullName":"nijam","isPrivate":false,"timestamp":"2025-01-05T14:35:47+07:00"},{"username":"isaaabeldsn","fullName":"abel","isPrivate":false,"timestamp":"2025-01-05T14:35:47+07:00"},{"username":"fahrizky964","fullName":"Fahrizky","isPrivate":true,"timestamp":"2025-01-05T14:35:47+07:00"},{"username":"znaamlqy","fullName":"","isPrivate":true,"timestamp":"2025-01-05T14:35:47+07:00"},{"username":"arkana_m.a.m","fullName":"arkan","isPrivate":true,"timestamp":"2025-01-05T14:35:47+07:00"},{"username":"_vizzim","fullName":"duovacua","isPrivate":false,"timestamp":"2025-01-05T14:35:47+07:00"},{"username":"wafhynugraha","fullName":"Wafhy Nugraha","isPrivate":false,"timestamp":"2025-01-05T14:35:47+07:00"},{"username":"repnarpa","fullName":"","isPrivate":true,"timestamp":"2025-01-05T14:35:47+07:00"},{"username":"pinassabrahamm","fullName":"","isPrivate":false,"timestamp":"2025-01-05T14:35:47+07:00"},{"username":"resty_ajah87","fullName":"resty ajah","isPrivate":true,"timestamp":"2025-01-05T14:35:47+07:00"},{"username":"syamsialwyah","fullName":"Syamsialwyah","isPrivate":true,"timestamp":"2025-01-05T14:35:47+07:00"},{"username":"anik_h44mm","fullName":"penkkkk","isPrivate":false,"timestamp":"2025-01-05T14:35:47+07:00"},{"username":"rgnawti_","fullName":"ginn🥀","isPrivate":false,"timestamp":"2025-01-05T14:35:47+07:00"},{"username":"sanzz3532","fullName":"sazz","isPrivate":true,"timestamp":"2025-01-05T14:35:47+07:00"},{"username":"dpkhansa_","fullName":"raaa","isPrivate":false,"timestamp":"2025-01-05T14:35:47+07:00"},{"username":"kang.sanzz55","fullName":"KNG SANZ","isPrivate":false,"timestamp":"2025-01-05T14:35:47+07:00"},{"username":"nazwaaulia3401","fullName":"nazwa aulia","isPrivate":false,"timestamp":"2025-01-05T14:35:52+07:00"},{"username":"nrrahmadni14","fullName":"نوررحمداني","isPrivate":false,"timestamp":"2025-01-05T14:35:52+07:00"},{"username":"bade_di_follow_moal_","fullName":"Saha Abi","isPrivate":false,"timestamp":"2025-01-05T14:35:52+07:00"},{"username":"linvsy_","fullName":"àlinda","isPrivate":false,"timestamp":"2025-01-05T14:35:52+07:00"},{"username":"keyliff03","fullName":"`vferfuw","isPrivate":true,"timestamp":"2025-01-05T14:35:52+07:00"},{"username":"rahmat__hidayat__12","fullName":"R Hidayat R Hidayat","isPrivate":false,"timestamp":"2025-01-05T14:35:52+07:00"},{"username":"rthd_fi","fullName":"يا","isPrivate":false,"timestamp":"2025-01-05T14:35:52+07:00"},{"username":"kamyl4senxvapurn4m","fullName":"Kamila senova Purnama","isPrivate":true,"timestamp":"2025-01-05T14:35:52+07:00"},{"username":"flyylov3","fullName":"Mpit","isPrivate":false,"timestamp":"2025-01-05T14:35:52+07:00"},{"username":"shlysr03","fullName":"Shlysr","isPrivate":true,"timestamp":"2025-01-05T14:35:52+07:00"},{"username":"bil_0705","fullName":"BILL","isPrivate":true,"timestamp":"2025-01-05T14:35:52+07:00"},{"username":"dedenihsan","fullName":"OZHAN","isPrivate":false,"timestamp":"2025-01-05T14:35:52+07:00"},{"username":"m_f4dill","fullName":"Muhammad Fadil","isPrivate":false,"timestamp":"2025-01-05T14:35:52+07:00"},{"username":"muhammadtirtaalfarizimustopa","fullName":"Muhammadtirtaalfarizimustopa","isPrivate":false,"timestamp":"2025-01-05T14:35:52+07:00"},{"username":"cep_onel","fullName":"Budionel02","isPrivate":false,"timestamp":"2025-01-05T14:35:52+07:00"},{"username":"asshyaidah_","fullName":"Annisa Asshyaidah Agnesa","isPrivate":false,"timestamp":"2025-01-05T14:35:52+07:00"},{"username":"flwr_yah","fullName":"سيتي جواريا","isPrivate":true,"timestamp":"2025-01-05T14:35:52+07:00"},{"username":"fwairy_nana99","fullName":"Nadien Amelia Putry","isPrivate":false,"timestamp":"2025-01-05T14:35:52+07:00"},{"username":"isepgani06","fullName":"siganiiii","isPrivate":false,"timestamp":"2025-01-05T14:35:52+07:00"},{"username":"sechfaaa_","fullName":"...","isPrivate":true,"timestamp":"2025-01-05T14:35:52+07:00"},{"username":"acaa_story234","fullName":"acaa","isPrivate":false,"timestamp":"2025-01-05T14:35:52+07:00"},{"username":"shkrr_butt","fullName":"rraaaa","isPrivate":false,"timestamp":"2025-01-05T14:35:52+07:00"},{"username":"nengmpi18","fullName":"","isPrivate":true,"timestamp":"2025-01-05T14:35:52+07:00"},{"username":"only_.linnn","fullName":"youlin","isPrivate":true,"timestamp":"2025-01-05T14:35:52+07:00"},{"username":"kholid_sahanya","fullName":"محمدسيرجل مؤلظ","isPrivate":false,"timestamp":"2025-01-05T14:35:52+07:00"},{"username":"hajime_025","fullName":"Ilham Ahmad Hanafi","isPrivate":false,"timestamp":"2025-01-05T14:35:57+07:00"},{"username":"nnabilaa4_u","fullName":"nnabilaa4_u","isPrivate":false,"timestamp":"2025-01-05T14:35:57+07:00"},{"username":"kynaraanndya","fullName":"kyynaaraa .ᐟ","isPrivate":false,"timestamp":"2025-01-05T14:35:57+07:00"},{"username":"linanuraeni023","fullName":"LinaNuraeni","isPrivate":false,"timestamp":"2025-01-05T14:35:57+07:00"},{"username":"pp.alfadilahnh","fullName":"معهد الفضيلة نورالهداية","isPrivate":false,"timestamp":"2025-01-05T14:35:57+07:00"},{"username":"whostfiya","fullName":"","isPrivate":true,"timestamp":"2025-01-05T14:35:57+07:00"},{"username":"jnbgnh_","fullName":"jnabb","isPrivate":true,"timestamp":"2025-01-05T14:35:57+07:00"},{"username":"ily_waa89","fullName":"","isPrivate":false,"timestamp":"2025-01-05T14:35:57+07:00"},{"username":"shafira_latifah_noor_aleea","fullName":"shafira latifah noor aleea","isPrivate":false,"timestamp":"2025-01-05T14:35:57+07:00"},{"username":"almirraa_syifaa1","fullName":"mirrrrr","isPrivate":false,"timestamp":"2025-01-05T14:35:57+07:00"},{"username":"jihan5341","fullName":"Jihan Rafifah","isPrivate":false,"timestamp":"2025-01-05T14:35:57+07:00"},{"username":"ccies.nann","fullName":"who's.nann","isPrivate":false,"timestamp":"2025-01-05T14:35:57+07:00"},{"username":"pirandoaldhy","fullName":"Muhamad Fahri","isPrivate":true,"timestamp":"2025-01-05T14:35:57+07:00"},{"username":"ytio_ripaldi","fullName":"Marselina Ramadhani","isPrivate":false,"timestamp":"2025-01-05T14:35:57+07:00"},{"username":"rijal_lbdr","fullName":"رجل فربذي فتر","isPrivate":true,"timestamp":"2025-01-05T14:35:57+07:00"},{"username":"yann_mr_28","fullName":"𝐓𝐫𝐢𝐚𝐧 𝐅𝐚𝐭𝐮𝐫𝐚𝐡𝐦𝐚𝐧","isPrivate":true,"timestamp":"2025-01-05T14:35:57+07:00"},{"username":"trian.faturahman","fullName":"","isPrivate":false,"timestamp":"2025-01-05T14:35:57+07:00"},{"username":"putrianggi_0","fullName":"ciputihpride","isPrivate":true,"timestamp":"2025-01-05T14:35:57+07:00"},{"username":"i_2ytta","fullName":"نيدا","isPrivate":false,"timestamp":"2025-01-05T14:35:57+07:00"},{"username":"signature_boys1","fullName":"firdan anti gemeter","isPrivate":false,"timestamp":"2025-01-05T14:35:57+07:00"},{"username":"rifk_i623","fullName":"rifki","isPrivate":false,"timestamp":"2025-01-05T14:35:57+07:00"},{"username":"lvia01","fullName":"vi_.","isPrivate":false,"timestamp":"2025-01-05T14:35:57+07:00"},{"username":"secondmrtbkcklat","fullName":"","isPrivate":true,"timestamp":"2025-01-05T14:35:57+07:00"},{"username":"rpii_iiu","fullName":"Ye Ei","isPrivate":true,"timestamp":"2025-01-05T14:35:57+07:00"},{"username":"moch_nizam12","fullName":"zamm","isPrivate":false,"timestamp":"2025-01-05T14:35:57+07:00"},{"username":"bocil_basury","fullName":"🪐Nana🪐","isPrivate":true,"timestamp":"2025-01-05T14:36:18+07:00"},{"username":"dewirohayati2112","fullName":"Dewi Rohayati","isPrivate":false,"timestamp":"2025-01-05T14:36:18+07:00"},{"username":"pelajar_biasa1","fullName":"R","isPrivate":false,"timestamp":"2025-01-05T14:36:18+07:00"},{"username":"mrwahnss__","fullName":"mrwahahaa","isPrivate":false,"timestamp":"2025-01-05T14:36:18+07:00"},{"username":"agi.rizkiansyah","fullName":"Agi","isPrivate":false,"timestamp":"2025-01-05T14:36:18+07:00"},{"username":"latishatsaqib.a","fullName":"Alll","isPrivate":true,"timestamp":"2025-01-05T14:36:18+07:00"},{"username":"wantiwinengsih","fullName":"Wanti Winengsih","isPrivate":false,"timestamp":"2025-01-05T14:36:18+07:00"},{"username":"ciraa_ajjaaa","fullName":"Ciraa_adeliaaaaaaa","isPrivate":false,"timestamp":"2025-01-05T14:36:18+07:00"},{"username":"khoerunnisa8816","fullName":"@","isPrivate":false,"timestamp":"2025-01-05T14:36:18+07:00"},{"username":"rifk_i8280","fullName":"Muhammad Rifki Ramdani","isPrivate":false,"timestamp":"2025-01-05T14:36:18+07:00"},{"username":"iniaprill_23","fullName":"A","isPrivate":false,"timestamp":"2025-01-05T14:36:18+07:00"},{"username":"rahmanhermawan28","fullName":"Rahman Hermawan","isPrivate":false,"timestamp":"2025-01-05T14:36:18+07:00"},{"username":"g1n2222222","fullName":"","isPrivate":false,"timestamp":"2025-01-05T14:36:18+07:00"},{"username":"6best.student_","fullName":"@studentof.sixb24","isPrivate":false,"timestamp":"2025-01-05T14:36:18+07:00"},{"username":"rebeccamaharaniaruan","fullName":"Rebecca Maharani Aruan","isPrivate":false,"timestamp":"2025-01-05T14:36:18+07:00"},{"username":"eyadumliik","fullName":"Eyadu Mliik","isPrivate":false,"timestamp":"2025-01-05T14:36:18+07:00"},{"username":"nailanafida","fullName":"naila nafida","isPrivate":false,"timestamp":"2025-01-05T14:36:18+07:00"},{"username":"agos4342","fullName":"Agos Agos","isPrivate":false,"timestamp":"2025-01-05T14:36:18+07:00"},{"username":"munamuna1043","fullName":"Muna Muna","isPrivate":true,"timestamp":"2025-01-05T14:36:18+07:00"},{"username":"hidayatnuraripin","fullName":"SALMA","isPrivate":false,"timestamp":"2025-01-05T14:36:18+07:00"},{"username":"abdul2343hamid","fullName":"abdul hamid","isPrivate":false,"timestamp":"2025-01-05T14:36:18+07:00"},{"username":"ummikultsm","fullName":"Mahija_Mahija","isPrivate":false,"timestamp":"2025-01-05T14:36:18+07:00"},{"username":"fit_0194","fullName":"Rya Fitria","isPrivate":true,"timestamp":"2025-01-05T14:36:18+07:00"},{"username":"nailanurfarida","fullName":"nailanurfarida","isPrivate":false,"timestamp":"2025-01-05T14:36:18+07:00"},{"username":"nazwanisa641","fullName":"Nazwa Lutfyyah Choirun Nisa","isPrivate":false,"timestamp":"2025-01-05T14:36:18+07:00"},{"username":"abduljabar3201","fullName":"Dede Abdul Jabar Jabar","isPrivate":false,"timestamp":"2025-01-05T14:36:27+07:00"},{"username":"rojikin720","fullName":"Bang R","isPrivate":false,"timestamp":"2025-01-05T14:36:27+07:00"},{"username":"alwayszy22","fullName":"alwayszy22","isPrivate":false,"timestamp":"2025-01-05T14:36:27+07:00"},{"username":"mutia_ra8175","fullName":"mutmut","isPrivate":false,"timestamp":"2025-01-05T14:36:27+07:00"},{"username":"aghni_ya","fullName":"","isPrivate":false,"timestamp":"2025-01-05T14:36:27+07:00"},{"username":"tuan_mv_45","fullName":"Trian M Train Faturahman","isPrivate":true,"timestamp":"2025-01-05T14:36:27+07:00"},{"username":"sher_dumpp","fullName":"sweetly`she","isPrivate":true,"timestamp":"2025-01-05T14:36:27+07:00"},{"username":"k_kirann___","fullName":"secretly she`","isPrivate":true,"timestamp":"2025-01-05T14:36:27+07:00"},{"username":"20_zmg_01","fullName":"stgshah","isPrivate":true,"timestamp":"2025-01-05T14:36:27+07:00"},{"username":"fhfeed_","fullName":"","isPrivate":true,"timestamp":"2025-01-05T14:36:27+07:00"},{"username":"fauzi.585","fullName":"Fauzi fadilah","isPrivate":false,"timestamp":"2025-01-05T14:36:27+07:00"},{"username":"usepgana014","fullName":"Gann","isPrivate":false,"timestamp":"2025-01-05T14:36:27+07:00"},{"username":"viaaa_viooo","fullName":"uiin_ca","isPrivate":false,"timestamp":"2025-01-05T14:36:27+07:00"},{"username":"111.nan_","fullName":"𝐤𝐲𝐧𝐚𝐫𝐚","isPrivate":false,"timestamp":"2025-01-05T14:36:27+07:00"},{"username":"revii_rvi","fullName":"revii","isPrivate":true,"timestamp":"2025-01-05T14:36:27+07:00"},{"username":"ril_sheryll","fullName":"˖  ᝬ ʿkirannꜝꜞ  ˖࣪،‌","isPrivate":false,"timestamp":"2025-01-05T14:36:27+07:00"}]
