[{"username":"kumahakedah","fullName":"Kedah Kumaha","isPrivate":false,"timestamp":"2025-01-05T15:27:07+07:00"},{"username":"ilyas_1099","fullName":"ilyas","isPrivate":false,"timestamp":"2025-01-05T15:27:07+07:00"},{"username":"fyy_alfy","fullName":"Muhammad Alfyansyah","isPrivate":true,"timestamp":"2025-01-05T15:27:07+07:00"},{"username":"indri_869","fullName":"indri_869","isPrivate":true,"timestamp":"2025-01-05T15:27:07+07:00"},{"username":"muhammad.rafi07","fullName":"محمد رافع","isPrivate":true,"timestamp":"2025-01-05T15:27:07+07:00"},{"username":"_chnzaa","fullName":"chnzaa","isPrivate":false,"timestamp":"2025-01-05T15:27:07+07:00"},{"username":"_giksptra_18","fullName":"egii","isPrivate":true,"timestamp":"2025-01-05T15:27:07+07:00"},{"username":"egii__18","fullName":"egii__18","isPrivate":true,"timestamp":"2025-01-05T15:27:07+07:00"},{"username":"fara_bouquett","fullName":"BUKET SOREANG KATAPANG KOPO BANDUNG","isPrivate":false,"timestamp":"2025-01-05T15:27:07+07:00"},{"username":"6310.angga","fullName":"Angga","isPrivate":false,"timestamp":"2025-01-05T15:27:07+07:00"},{"username":"zxromdhoni","fullName":"ahmad romdhoni","isPrivate":true,"timestamp":"2025-01-05T15:27:07+07:00"},{"username":"maaaaarhhh","fullName":"Marhayati","isPrivate":false,"timestamp":"2025-01-05T15:27:07+07:00"},{"username":"virda_rsd","fullName":"Vrdrsd","isPrivate":false,"timestamp":"2025-01-05T15:27:07+07:00"},{"username":"artaft_","fullName":"artaft_","isPrivate":true,"timestamp":"2025-01-05T15:27:07+07:00"},{"username":"oneitoniapsnoryt","fullName":"✧ T y┌ʘ∩✧","isPrivate":true,"timestamp":"2025-01-05T15:27:07+07:00"},{"username":"intentions.ch","fullName":"intentions.ch","isPrivate":false,"timestamp":"2025-01-05T15:27:07+07:00"},{"username":"aixmbull","fullName":"ipti☆☆","isPrivate":true,"timestamp":"2025-01-05T15:27:07+07:00"},{"username":"uliiaa_1","fullName":"ullllliaaa","isPrivate":true,"timestamp":"2025-01-05T15:27:07+07:00"},{"username":"dillwellington","fullName":"Wellington Michael Dill","isPrivate":false,"timestamp":"2025-01-05T15:27:07+07:00"},{"username":"mateus_tuon","fullName":"Mateus Mori","isPrivate":false,"timestamp":"2025-01-05T15:27:07+07:00"},{"username":"axiom.ai","fullName":"Alex","isPrivate":false,"timestamp":"2025-01-05T15:27:08+07:00"},{"username":"kura_2_speed","fullName":"wooo","isPrivate":false,"timestamp":"2025-01-05T15:27:08+07:00"},{"username":"bullsmmpanel","fullName":"Followers | Subscribers | Likes | Viewers","isPrivate":false,"timestamp":"2025-01-05T15:27:08+07:00"},{"username":"muhfaiqyah","fullName":"muhfaiqyah","isPrivate":false,"timestamp":"2025-01-05T15:27:08+07:00"},{"username":"muhfaiqyah","fullName":"muhfaiqyah","isPrivate":false,"timestamp":"2025-01-05T15:27:08+07:00"},{"username":"moniquedvas","fullName":"Monique Copywriting Services","isPrivate":false,"timestamp":"2025-01-05T15:27:08+07:00"},{"username":"team.velociti","fullName":"TeamVelociti FI IS","isPrivate":false,"timestamp":"2025-01-05T15:27:08+07:00"},{"username":"bullsmmpanel","fullName":"Followers | Subscribers | Likes | Viewers","isPrivate":false,"timestamp":"2025-01-05T15:27:08+07:00"}]
