[{"username":"malaslorek123","fullName":"malas","isPrivate":false,"timestamp":"2025-01-05T15:26:21+07:00"},{"username":"ilhamhanafi2208","fullName":"ilham hanafi","isPrivate":false,"timestamp":"2025-01-05T15:26:21+07:00"},{"username":"maalstri","fullName":"11","isPrivate":true,"timestamp":"2025-01-05T15:26:21+07:00"},{"username":"muhamad_ega09","fullName":"Muhamad Ega Mustopa","isPrivate":true,"timestamp":"2025-01-05T15:26:21+07:00"},{"username":"zkyashif_","fullName":"𝔃𝓴𝔂𝓪𝓪𝓪ꗃ","isPrivate":true,"timestamp":"2025-01-05T15:26:21+07:00"},{"username":"kmalllmulynaa","fullName":"","isPrivate":false,"timestamp":"2025-01-05T15:26:21+07:00"},{"username":"vatozyn","fullName":"denrafiqhri","isPrivate":true,"timestamp":"2025-01-05T15:26:21+07:00"},{"username":"sccn_nyoll","fullName":"","isPrivate":true,"timestamp":"2025-01-05T15:26:21+07:00"},{"username":"refaldi_zkr","fullName":"Apocalypse","isPrivate":true,"timestamp":"2025-01-05T15:26:21+07:00"},{"username":"morefuckingflows","fullName":"Azhar","isPrivate":true,"timestamp":"2025-01-05T15:26:21+07:00"},{"username":"daffaw7","fullName":"daffa w","isPrivate":false,"timestamp":"2025-01-05T15:26:21+07:00"},{"username":"rapspoint._mitik","fullName":"rapspoint","isPrivate":false,"timestamp":"2025-01-05T15:26:21+07:00"},{"username":"lleylaroses","fullName":"aiLL","isPrivate":false,"timestamp":"2025-01-05T15:26:21+07:00"},{"username":"rendisetiawan6650","fullName":"","isPrivate":true,"timestamp":"2025-01-05T15:26:21+07:00"},{"username":"febiilia_","fullName":"febii","isPrivate":false,"timestamp":"2025-01-05T15:26:21+07:00"},{"username":"padd_dlyy","fullName":"Padd","isPrivate":false,"timestamp":"2025-01-05T15:26:21+07:00"},{"username":"hy.akashi","fullName":"","isPrivate":false,"timestamp":"2025-01-05T15:26:21+07:00"},{"username":"sifa_oktavianii","fullName":"Sifa Oktaviani","isPrivate":false,"timestamp":"2025-01-05T15:26:21+07:00"},{"username":"zzrillldaf_","fullName":"𝒛𝒓𝒊𝒍.","isPrivate":true,"timestamp":"2025-01-05T15:26:21+07:00"},{"username":"yaafi_azz","fullName":"Muhamad Yaafi Azmii","isPrivate":false,"timestamp":"2025-01-05T15:26:21+07:00"},{"username":"raj.asaputar","fullName":"raja","isPrivate":true,"timestamp":"2025-01-05T15:26:21+07:00"},{"username":"vannderr_","fullName":"VanzzKciwww","isPrivate":true,"timestamp":"2025-01-05T15:26:21+07:00"},{"username":"xixi__al","fullName":"xixi__a","isPrivate":false,"timestamp":"2025-01-05T15:26:21+07:00"},{"username":"zhrrap18","fullName":"Ebii","isPrivate":true,"timestamp":"2025-01-05T15:26:21+07:00"},{"username":"alif_ridovan","fullName":"𝐜𝐚𝐥𝐥 𝐦𝐞 𝐚𝐥","isPrivate":true,"timestamp":"2025-01-05T15:26:21+07:00"},{"username":"swifyramna","fullName":"wemona","isPrivate":true,"timestamp":"2025-01-05T15:26:28+07:00"},{"username":"kr_yg_","fullName":"Krisna Yogaswara","isPrivate":false,"timestamp":"2025-01-05T15:26:28+07:00"},{"username":"_skaaa.17","fullName":"sek asek","isPrivate":true,"timestamp":"2025-01-05T15:26:28+07:00"},{"username":"reickyreq","fullName":"Reicky Cipta Anugrah","isPrivate":false,"timestamp":"2025-01-05T15:26:28+07:00"},{"username":"kklvnnnn","fullName":"pinn","isPrivate":true,"timestamp":"2025-01-05T15:26:28+07:00"},{"username":"fara_bouquett","fullName":"BUKET SOREANG KATAPANG KOPO BANDUNG","isPrivate":false,"timestamp":"2025-01-05T15:26:28+07:00"},{"username":"ghzmanxblis_89","fullName":"gh17m4n_","isPrivate":true,"timestamp":"2025-01-05T15:26:28+07:00"},{"username":"ghilmandlillaathriq89_","fullName":"I'm Batman","isPrivate":true,"timestamp":"2025-01-05T15:26:28+07:00"},{"username":"n3lyaaac_","fullName":"✧˖𓏲 𝖓𝖊𝖑𝖓𝖊𝖑𝖑⋆𐙚˚࿔","isPrivate":false,"timestamp":"2025-01-05T15:26:28+07:00"},{"username":"destyaiskandar22","fullName":"Destya Iskandar","isPrivate":true,"timestamp":"2025-01-05T15:26:28+07:00"},{"username":"rapaac","fullName":"dinar","isPrivate":false,"timestamp":"2025-01-05T15:26:28+07:00"},{"username":"_naahdaa_","fullName":"","isPrivate":true,"timestamp":"2025-01-05T15:26:28+07:00"},{"username":"ziyyecch","fullName":"","isPrivate":true,"timestamp":"2025-01-05T15:26:28+07:00"},{"username":"rngga_frdn","fullName":"Frdn","isPrivate":true,"timestamp":"2025-01-05T15:26:28+07:00"},{"username":"reiv.anngrh","fullName":"reiiiisal","isPrivate":false,"timestamp":"2025-01-05T15:26:28+07:00"},{"username":"rizkibdet","fullName":"rizraa","isPrivate":true,"timestamp":"2025-01-05T15:26:28+07:00"},{"username":"ikiii333_","fullName":"Rzkinrmhmd","isPrivate":true,"timestamp":"2025-01-05T15:26:28+07:00"},{"username":"stlhzx","fullName":"stlhzx","isPrivate":true,"timestamp":"2025-01-05T15:26:28+07:00"},{"username":"diq.sa_","fullName":"1diiq","isPrivate":true,"timestamp":"2025-01-05T15:26:28+07:00"},{"username":"sasa_4as","fullName":"sallllll","isPrivate":true,"timestamp":"2025-01-05T15:26:28+07:00"},{"username":"farhu.abdrhm_","fullName":"farhu_","isPrivate":false,"timestamp":"2025-01-05T15:26:28+07:00"},{"username":"ccaloavzs_","fullName":"Cicaaaa","isPrivate":true,"timestamp":"2025-01-05T15:26:28+07:00"},{"username":"iyam81386","fullName":"","isPrivate":false,"timestamp":"2025-01-05T15:26:28+07:00"},{"username":"padlyapad","fullName":"Padly Apad","isPrivate":false,"timestamp":"2025-01-05T15:26:28+07:00"},{"username":"aynafilah","fullName":"Ayesya Nafilah","isPrivate":true,"timestamp":"2025-01-05T15:26:28+07:00"},{"username":"leyakeira","fullName":"aleyaleya","isPrivate":false,"timestamp":"2025-01-05T15:26:36+07:00"},{"username":"_eunengelsa","fullName":"","isPrivate":false,"timestamp":"2025-01-05T15:26:36+07:00"},{"username":"sweett_smile07","fullName":"some secret!","isPrivate":false,"timestamp":"2025-01-05T15:26:36+07:00"},{"username":"alyyahhhhhhh","fullName":"𝒜𝓁𝓎𝓎𝒶𝒽","isPrivate":false,"timestamp":"2025-01-05T15:26:36+07:00"},{"username":"imrsta_ad","fullName":"ta","isPrivate":false,"timestamp":"2025-01-05T15:26:36+07:00"},{"username":"anurbarlian","fullName":"Alvi Nurbarlian","isPrivate":false,"timestamp":"2025-01-05T15:26:36+07:00"},{"username":"haikalfebriana1345","fullName":"Febriana Haikal","isPrivate":false,"timestamp":"2025-01-05T15:26:36+07:00"},{"username":"kholid_sahanya","fullName":"محمدسيرجل مؤلظ","isPrivate":false,"timestamp":"2025-01-05T15:26:36+07:00"},{"username":"rahmaaureliasukmana","fullName":"Rahma Chelsea","isPrivate":false,"timestamp":"2025-01-05T15:26:36+07:00"},{"username":"ccccazze","fullName":"𝐶𝑎𝑎🦩🎀💅🏻","isPrivate":true,"timestamp":"2025-01-05T15:26:36+07:00"},{"username":"ayucitralstr","fullName":"","isPrivate":true,"timestamp":"2025-01-05T15:26:36+07:00"},{"username":"zlipa_li","fullName":"fatunn","isPrivate":true,"timestamp":"2025-01-05T15:26:36+07:00"},{"username":"dzkafauzan_","fullName":"Zann","isPrivate":false,"timestamp":"2025-01-05T15:26:36+07:00"},{"username":"xrsal_l","fullName":"","isPrivate":false,"timestamp":"2025-01-05T15:26:36+07:00"},{"username":"ivallrmdhn","fullName":"V🅰️llz","isPrivate":true,"timestamp":"2025-01-05T15:26:36+07:00"},{"username":"ndien_amelia01","fullName":"nananana","isPrivate":true,"timestamp":"2025-01-05T15:26:36+07:00"},{"username":"kell_vin67","fullName":"Hendrii Hermnasyah","isPrivate":false,"timestamp":"2025-01-05T15:26:36+07:00"},{"username":"class_9b.yamsor_","fullName":"･°✧𝐊𝐄𝐋𝐀𝐒 𝟏𝐗-𝐁 𝐘𝐀𝐌𝐒𝐎𝐑♡･°୭","isPrivate":true,"timestamp":"2025-01-05T15:26:36+07:00"},{"username":"uuwenn11","fullName":"Wendy Apriansyah","isPrivate":false,"timestamp":"2025-01-05T15:26:36+07:00"},{"username":"_thylvrra2","fullName":"tyaa🦕","isPrivate":false,"timestamp":"2025-01-05T15:26:36+07:00"},{"username":"mhmadputrafebrian._","fullName":"cohrthwhell._","isPrivate":true,"timestamp":"2025-01-05T15:26:36+07:00"},{"username":"mannnznzn","fullName":"imann","isPrivate":true,"timestamp":"2025-01-05T15:26:36+07:00"},{"username":"piceofwall_12","fullName":"Syfwall","isPrivate":true,"timestamp":"2025-01-05T15:26:36+07:00"},{"username":"scccraaa__","fullName":"zhra🎀","isPrivate":true,"timestamp":"2025-01-05T15:26:36+07:00"},{"username":"anakl.anang33","fullName":"","isPrivate":false,"timestamp":"2025-01-05T15:26:36+07:00"},{"username":"_nziranovia","fullName":"","isPrivate":true,"timestamp":"2025-01-05T15:26:41+07:00"},{"username":"abcdefdhllah","fullName":"V⁠●⁠ᴥ⁠●⁠V","isPrivate":true,"timestamp":"2025-01-05T15:26:41+07:00"},{"username":"vann01____","fullName":"Fan","isPrivate":false,"timestamp":"2025-01-05T15:26:41+07:00"},{"username":"netihrti_","fullName":"","isPrivate":false,"timestamp":"2025-01-05T15:26:41+07:00"},{"username":"haikalfebriyana","fullName":"om Febriana","isPrivate":false,"timestamp":"2025-01-05T15:26:41+07:00"},{"username":"aulia_putrie_s","fullName":"✧ﾟPutrie_✧ﾟ","isPrivate":false,"timestamp":"2025-01-05T15:26:41+07:00"},{"username":"noengnurhasanah","fullName":"Noeng Nurhasanah","isPrivate":false,"timestamp":"2025-01-05T15:26:41+07:00"},{"username":"d.anthoni27","fullName":"Anthoni27_","isPrivate":false,"timestamp":"2025-01-05T15:26:41+07:00"},{"username":"andnii1607","fullName":"","isPrivate":true,"timestamp":"2025-01-05T15:26:41+07:00"},{"username":"sinta_rizqifariz","fullName":"Sinta Shopee Tiktok","isPrivate":false,"timestamp":"2025-01-05T15:26:41+07:00"},{"username":"kepo_mnh_","fullName":"teing saha","isPrivate":false,"timestamp":"2025-01-05T15:26:41+07:00"},{"username":"rey_kiangroke","fullName":"rey kiangroke","isPrivate":false,"timestamp":"2025-01-05T15:26:41+07:00"},{"username":"dittnja","fullName":"najaaa","isPrivate":false,"timestamp":"2025-01-05T15:26:41+07:00"},{"username":"mangsaid03","fullName":"Chep Shamad","isPrivate":false,"timestamp":"2025-01-05T15:26:41+07:00"},{"username":"onlyarell_277","fullName":"𝔣𝔞𝔯𝔢𝔩𝔞𝔷𝔥𝔞𝔯𝔦𝔦∓","isPrivate":false,"timestamp":"2025-01-05T15:26:41+07:00"},{"username":"silfi9501","fullName":"Silfi N","isPrivate":false,"timestamp":"2025-01-05T15:26:41+07:00"},{"username":"agilmarley3","fullName":"agilmarley","isPrivate":false,"timestamp":"2025-01-05T15:26:41+07:00"},{"username":"elllmariooo","fullName":"boyy","isPrivate":true,"timestamp":"2025-01-05T15:26:41+07:00"},{"username":"m.elizah23","fullName":"23💥","isPrivate":true,"timestamp":"2025-01-05T15:26:41+07:00"},{"username":"reyhansubhanpurnama","fullName":"Reyhan Subhan Purnama","isPrivate":true,"timestamp":"2025-01-05T15:26:41+07:00"},{"username":"_tghchndrawrdm","fullName":"Teguh Chndra","isPrivate":true,"timestamp":"2025-01-05T15:26:41+07:00"},{"username":"yazid_nurhadii","fullName":"yzd","isPrivate":false,"timestamp":"2025-01-05T15:26:41+07:00"},{"username":"ilbaraam","fullName":"Ilham Akbar, S.Pd","isPrivate":false,"timestamp":"2025-01-05T15:26:41+07:00"},{"username":"repan_piemansyah","fullName":"repan pirmansyah","isPrivate":false,"timestamp":"2025-01-05T15:26:41+07:00"},{"username":"risma.faqot","fullName":"Risma Faqot","isPrivate":false,"timestamp":"2025-01-05T15:26:41+07:00"},{"username":"ndaaa_ajj18","fullName":"𝔫𝔡𝔞𝔞𝔞✩","isPrivate":false,"timestamp":"2025-01-05T15:26:47+07:00"},{"username":"kmalmulyna_","fullName":"mallwe","isPrivate":false,"timestamp":"2025-01-05T15:26:47+07:00"},{"username":"xxyz.yull","fullName":"Neng Santri","isPrivate":true,"timestamp":"2025-01-05T15:26:47+07:00"},{"username":"ng_riyah","fullName":"siju","isPrivate":false,"timestamp":"2025-01-05T15:26:47+07:00"},{"username":"zaky_putrraaa","fullName":"jon","isPrivate":true,"timestamp":"2025-01-05T15:26:47+07:00"},{"username":"den_asraf","fullName":"ahmad syarif","isPrivate":false,"timestamp":"2025-01-05T15:26:47+07:00"},{"username":"krmiillle_","fullName":"🦢","isPrivate":false,"timestamp":"2025-01-05T15:26:47+07:00"},{"username":"abdkhasbyy","fullName":"Hasbyy","isPrivate":true,"timestamp":"2025-01-05T15:26:47+07:00"},{"username":"cengfikri09","fullName":"ceng Fikri09","isPrivate":false,"timestamp":"2025-01-05T15:26:47+07:00"},{"username":"lanastrdaysfive_","fullName":"Lana? yes it'smee.","isPrivate":false,"timestamp":"2025-01-05T15:26:47+07:00"},{"username":"wifaaaa_","fullName":"Wifaa","isPrivate":false,"timestamp":"2025-01-05T15:26:47+07:00"},{"username":"putrawrdani","fullName":"pnjjzx_","isPrivate":true,"timestamp":"2025-01-05T15:26:47+07:00"},{"username":"vinaaxz_","fullName":"Vinaa","isPrivate":false,"timestamp":"2025-01-05T15:26:47+07:00"},{"username":"__akmalarsil","fullName":"𝖆𝖐𝖒𝖆𝖑𝖆𝖗𝖘𝖎𝖑","isPrivate":false,"timestamp":"2025-01-05T15:26:47+07:00"},{"username":"ytio_ripaldi","fullName":"Marselina Ramadhani","isPrivate":false,"timestamp":"2025-01-05T15:26:47+07:00"},{"username":"ahmedii4444","fullName":"Kitari Karin","isPrivate":true,"timestamp":"2025-01-05T15:26:47+07:00"},{"username":"m.egi_nurdiana7","fullName":"Giiw","isPrivate":false,"timestamp":"2025-01-05T15:26:47+07:00"},{"username":"panol86","fullName":"Panji","isPrivate":false,"timestamp":"2025-01-05T15:26:47+07:00"},{"username":"ajengprmtasrii_","fullName":"","isPrivate":true,"timestamp":"2025-01-05T15:26:47+07:00"},{"username":"honda_brio_bdg","fullName":"Dealer Honda Bandung","isPrivate":false,"timestamp":"2025-01-05T15:26:47+07:00"},{"username":"dzar_657","fullName":"Dzar💨","isPrivate":true,"timestamp":"2025-01-05T15:26:47+07:00"},{"username":"fannylupitaa","fullName":"fanny lupita","isPrivate":true,"timestamp":"2025-01-05T15:26:47+07:00"},{"username":"syylllee","fullName":"hmdull","isPrivate":false,"timestamp":"2025-01-05T15:26:47+07:00"},{"username":"faisal_nrhdyt","fullName":"isal","isPrivate":false,"timestamp":"2025-01-05T15:26:47+07:00"},{"username":"lewterss_","fullName":"𝕯 𝖎 𝖗 𝖌 𝖆 𝖓 𝖙 𝖆 𝖗 𝖆","isPrivate":true,"timestamp":"2025-01-05T15:26:47+07:00"},{"username":"muhammadfikri.5","fullName":"-F","isPrivate":true,"timestamp":"2025-01-05T15:26:53+07:00"},{"username":"zaaaaraaa__","fullName":"zara","isPrivate":true,"timestamp":"2025-01-05T15:26:53+07:00"},{"username":"itasasmitha14","fullName":"Ita Sasmitha","isPrivate":false,"timestamp":"2025-01-05T15:26:53+07:00"},{"username":"chapter.our","fullName":"","isPrivate":false,"timestamp":"2025-01-05T15:26:53+07:00"},{"username":"mdnzkyh_","fullName":"","isPrivate":true,"timestamp":"2025-01-05T15:26:53+07:00"},{"username":"flwr_yah","fullName":"سيتي جواريا","isPrivate":true,"timestamp":"2025-01-05T15:26:53+07:00"},{"username":"seclewwters_","fullName":"𝕯 𝖎 𝖗 𝖌 𝖆 𝖓 𝖙 𝖆 𝖗 𝖆","isPrivate":true,"timestamp":"2025-01-05T15:26:53+07:00"},{"username":"rzwanzaenudin_27","fullName":"Rzwann","isPrivate":false,"timestamp":"2025-01-05T15:26:53+07:00"},{"username":"xi.tkr2.soji","fullName":"CLASS_ENGINER.2","isPrivate":false,"timestamp":"2025-01-05T15:26:53+07:00"},{"username":"nailahjlfn","fullName":"Nai","isPrivate":true,"timestamp":"2025-01-05T15:26:53+07:00"},{"username":"ell.hanafi","fullName":"","isPrivate":false,"timestamp":"2025-01-05T15:26:53+07:00"},{"username":"karlinz_putri","fullName":"krlinxxz","isPrivate":false,"timestamp":"2025-01-05T15:26:53+07:00"},{"username":"syifa.journey","fullName":"Syifaaa⭐","isPrivate":false,"timestamp":"2025-01-05T15:26:53+07:00"},{"username":"koriistikomahlidiyanti","fullName":"kriIstkmhLdyn","isPrivate":false,"timestamp":"2025-01-05T15:26:53+07:00"},{"username":"utebsumantri","fullName":"Sumantri Uteb","isPrivate":false,"timestamp":"2025-01-05T15:26:53+07:00"},{"username":"mozafbrnt._","fullName":"Moza","isPrivate":false,"timestamp":"2025-01-05T15:26:53+07:00"},{"username":"hanashff","fullName":"hanaaulll","isPrivate":false,"timestamp":"2025-01-05T15:26:53+07:00"},{"username":"farrhma","fullName":"fatma","isPrivate":true,"timestamp":"2025-01-05T15:26:53+07:00"},{"username":"fwairy_nana99","fullName":"Nadien Amelia Putry","isPrivate":false,"timestamp":"2025-01-05T15:26:53+07:00"},{"username":"zhrtsyt_0","fullName":"O","isPrivate":true,"timestamp":"2025-01-05T15:26:53+07:00"},{"username":"sshbrnn_","fullName":"","isPrivate":true,"timestamp":"2025-01-05T15:26:53+07:00"},{"username":"sosyhasalfadilla","fullName":"SosyhaSalfa","isPrivate":false,"timestamp":"2025-01-05T15:26:53+07:00"},{"username":"llayshfbeena","fullName":"laysha 🌷🤍🩰","isPrivate":false,"timestamp":"2025-01-05T15:26:53+07:00"}]
